Year,name_common,playerID,adjusted_salary,age,career_length,bats,throws,POS,teamName,career_PA,Career_R,Career_H,Career_HR,career_RBI,Career_BB,Career_SO,Career_IBB,career_TB,career_WAR
2022.0,AJ Pollock,polloaj01,10900000.0,34.0,10.0,R,R,OF,Chicago White Sox,4008,560,1010,140,470,282,704,11,1715,23.03
2022.0,Aaron Hicks,hicksaa01,11445000.0,32.0,9.0,B,R,OF,New York Yankees,3276,419,648,100,351,413,701,8,1087,13.81
2022.0,Aaron Judge,judgeaa01,18530000.0,30.0,6.0,R,R,OF,New York Yankees,3161,535,748,220,497,472,908,39,1537,36.99
2022.0,Abraham Toro,toroab01,763000.0,25.0,3.0,B,R,2B,Seattle Mariners,913,107,170,26,99,65,161,1,284,0.68
2022.0,Adalberto Mondesí,mondera02,3270000.0,26.0,6.0,B,R,SS,Kansas City Royals,1366,180,311,38,157,60,412,0,519,4.33
2022.0,Adam Duvall,duvalad01,10355000.0,33.0,8.0,R,R,OF,Atlanta Braves,3040,382,637,163,478,204,865,7,1289,10.37
2022.0,Adam Engel,engelad01,2180000.0,30.0,5.0,R,R,OF,Chicago White Sox,1540,173,318,30,123,76,450,1,495,3.48
2022.0,Adam Frazier,fraziad01,8175000.0,30.0,6.0,L,R,2B,Seattle Mariners,3045,374,751,43,257,228,388,11,1079,12.23
2022.0,Adolis García,garciad02,778260.0,29.0,4.0,R,R,OF,Texas Rangers,1303,168,294,58,192,73,388,2,543,6.94
2022.0,Akil Baddoo,baddoak01,763000.0,23.0,1.0,L,L,OF,Detroit Tigers,686,90,148,15,64,69,186,1,234,2.52
2022.0,Albert Pujols,pujolal01,2725000.0,42.0,21.0,R,R,1B,St. Louis Cardinals,13041,1914,3384,703,2218,1373,1404,316,6211,101.65
2022.0,Alcides Escobar,escobal02,1090000.0,35.0,14.0,R,R,SS,Washington Nationals,6182,670,1486,45,478,253,864,17,1986,10.05
2022.0,Alec Bohm,bohmal01,763000.0,25.0,2.0,R,R,3B,Philadelphia Phillies,1228,149,312,24,142,78,257,1,440,0.3299999999999998
2022.0,Alejandro Kirk,kirkal01,774336.0,23.0,2.0,R,R,C,Toronto Blue Jays,755,82,183,23,90,83,84,2,281,5.0
2022.0,Alex Bregman,bregmal01,11990000.0,28.0,6.0,R,R,3B,Houston Astros,3474,512,818,140,490,440,473,12,1469,30.54
2022.0,Alex Dickerson,dickeal01,1090000.0,32.0,7.0,L,L,OF,Atlanta Braves,1001,136,230,40,132,81,204,6,415,1.5699999999999998
2022.0,Alex Kirilloff,kirilal01,763000.0,24.0,1.0,L,L,OF,Minnesota Twins,387,37,90,11,55,19,88,2,143,0.2799999999999999
2022.0,Alex Verdugo,verdual01,3869500.0,26.0,5.0,L,L,OF,Boston Red Sox,1957,254,510,44,201,146,294,10,767,8.52
2022.0,Alfonso Rivas,rivasal01,763000.0,25.0,1.0,L,L,1B,Chicago Cubs,336,34,73,4,28,33,103,1,95,0.54
2022.0,Amed Rosario,rosaram01,5395500.0,26.0,5.0,R,R,SS,Cleveland Guardians,2822,350,731,54,276,123,557,6,1077,9.82
2022.0,Andrelton Simmons,simmoan01,4360000.0,32.0,10.0,R,R,SS,Chicago Cubs,4816,501,1169,70,444,304,461,15,1626,37.26
2022.0,Andrew Knapp,knappan01,763000.0,30.0,5.0,B,R,C,Pittsburgh Pirates,873,83,157,13,66,103,274,7,235,-0.8799999999999999
2022.0,Andrew Knizner,kniznan01,763000.0,27.0,3.0,R,R,C,St. Louis Cardinals,553,54,100,7,45,50,120,2,141,0.46
2022.0,Andrew McCutchen,mccutan01,9265000.0,35.0,13.0,R,R,OF,Milwaukee Brewers,8168,1118,1948,287,1002,983,1542,67,3299,47.09
2022.0,Andrew Vaughn,vaughan01,763000.0,24.0,1.0,R,R,OF,Chicago White Sox,1024,116,236,32,124,72,197,0,384,-0.0399999999999999
2022.0,Andrés Giménez,gimenan01,763000.0,23.0,2.0,L,R,2B,Cleveland Guardians,899,111,218,25,97,52,194,4,342,9.27
2022.0,Andy Ibáñez,ibanean01,763000.0,29.0,1.0,R,R,3B,Texas Rangers,400,44,96,8,34,24,56,0,143,1.76
2022.0,Anthony Alford,alforan01,763000.0,27.0,5.0,R,R,OF,Pittsburgh Pirates,240,25,46,8,20,16,91,1,81,-0.05
2022.0,Anthony Bemboom,bemboan01,763000.0,32.0,3.0,L,R,C,Baltimore Orioles,203,17,29,5,12,15,61,0,48,-0.6000000000000001
2022.0,Anthony Rendon,rendoan01,39240000.0,32.0,9.0,R,R,3B,Los Angeles Angels,4601,639,1138,156,635,499,717,30,1917,33.08
2022.0,Anthony Rizzo,rizzoan01,17440000.0,32.0,11.0,L,L,1B,New York Yankees,6540,839,1476,283,889,719,1046,74,2681,39.19
2022.0,Anthony Santander,santaan02,3433500.0,27.0,5.0,B,R,OF,Baltimore Orioles,1794,211,403,83,238,113,363,4,747,4.859999999999999
2022.0,Aramis Garcia,garciar01,763000.0,29.0,4.0,R,R,C,Cincinnati Reds,320,27,65,10,25,10,114,1,100,-1.37
2022.0,Aristides Aquino,aquinar01,763000.0,28.0,4.0,R,R,OF,Cincinnati Reds,762,87,145,41,108,66,255,4,298,2.12
2022.0,Austin Allen,allenau01,763000.0,28.0,3.0,L,R,C,Oakland Athletics,127,8,23,2,7,8,47,3,34,-0.33
2022.0,Austin Barnes,barneau01,2834000.0,32.0,7.0,R,R,C,Los Angeles Dodgers,1357,175,260,32,138,164,298,9,414,4.82
2022.0,Austin Hays,haysau01,763000.0,26.0,5.0,R,R,OF,Baltimore Orioles,1383,175,327,47,161,79,275,0,552,6.470000000000001
2022.0,Austin Hedges,hedgeau01,4360000.0,29.0,7.0,R,R,C,Cleveland Guardians,2001,173,343,66,207,125,554,11,600,0.03
2022.0,Austin Meadows,meadoau01,4360000.0,27.0,4.0,L,L,OF,Detroit Tigers,1672,209,385,70,236,156,360,11,706,6.54
2022.0,Austin Nola,nolaau01,763000.0,32.0,3.0,R,R,C,San Diego Padres,1042,116,242,23,128,89,176,3,363,5.56
2022.0,Austin Riley,rileyau01,4360000.0,25.0,3.0,R,R,3B,Atlanta Braves,1858,246,454,97,276,141,493,7,845,12.22
2022.0,Austin Slater,slateau01,2016500.0,29.0,5.0,R,R,OF,San Francisco Giants,1279,162,286,33,133,134,352,5,450,3.9
2022.0,Avisaíl García,garciav01,13080000.0,31.0,10.0,R,R,OF,Miami Marlins,4129,484,1006,135,510,255,986,21,1593,9.91
2022.0,Ben Gamel,gamelbe01,1962000.0,30.0,6.0,L,L,OF,Pittsburgh Pirates,2206,259,493,40,198,225,545,8,750,1.25
2022.0,Billy McKinney,mckinbi01,1090000.0,27.0,4.0,L,L,OF,Oakland Athletics,768,87,142,28,72,66,201,3,267,-0.33
2022.0,Bo Bichette,bichebo01,788670.0,24.0,3.0,R,R,SS,Toronto Blue Jays,1727,262,478,69,239,100,369,1,791,12.73
2022.0,Bobby Bradley,bradlbo01,763000.0,26.0,3.0,L,R,1B,Cleveland Guardians,345,41,61,17,45,29,128,1,127,-0.31
2022.0,Bobby Dalbec,dalbebo01,763000.0,27.0,2.0,R,R,1B,Boston Red Sox,898,103,189,45,133,67,313,1,371,0.1799999999999999
2022.0,Bobby Witt,wittbo02,763000.0,22.0,0.0,R,R,SS,Kansas City Royals,632,82,150,20,80,30,135,2,253,0.89
2022.0,Brad Miller,millebr02,6540000.0,32.0,9.0,L,R,SS,Texas Rangers,3464,389,728,122,399,340,862,10,1283,6.38
2022.0,Brandon Belt,beltbr01,20056000.0,34.0,11.0,L,L,1B,San Francisco Giants,5079,628,1146,175,584,617,1205,35,2010,27.62
2022.0,Brandon Crawford,crawfbr01,17440000.0,35.0,11.0,L,R,SS,San Francisco Giants,5918,638,1337,139,706,508,1187,74,2119,30.76
2022.0,Brandon Drury,drurybr01,763000.0,29.0,7.0,R,R,3B,Cincinnati Reds,2276,248,531,79,277,136,501,3,913,2.0500000000000003
2022.0,Brandon Lowe,lowebr01,4360000.0,27.0,4.0,L,R,2B,Tampa Bay Rays,1580,222,346,84,237,161,437,4,687,11.589999999999998
2022.0,Brandon Marsh,marshbr02,763000.0,24.0,1.0,L,R,OF,Los Angeles Angels,721,76,164,13,71,48,249,1,247,1.78
2022.0,Brandon Nimmo,nimmobr01,7630000.0,29.0,6.0,L,R,OF,New York Mets,2368,335,530,63,213,323,529,5,871,17.130000000000003
2022.0,Brett Phillips,phillbr02,1526000.0,28.0,5.0,L,R,OF,Tampa Bay Rays,900,113,149,28,93,87,340,2,275,5.05
2022.0,Brian Anderson,anderbr06,4877750.0,29.0,5.0,R,R,3B,Miami Marlins,2161,249,487,57,233,201,503,8,780,9.48
2022.0,Bryan De La Cruz,delacbr01,763000.0,25.0,1.0,R,R,OF,Miami Marlins,574,55,142,18,62,37,143,1,227,1.54
2022.0,Bryan Lavastida,lavasbr01,763000.0,23.0,0.0,R,R,C,Cleveland Guardians,15,0,1,0,0,3,4,0,1,-0.07
2022.0,Bryan Reynolds,reynobr01,4905000.0,27.0,3.0,B,R,OF,Pittsburgh Pirates,2014,274,500,74,239,198,438,15,855,13.48
2022.0,Bryce Harper,harpebr03,28340000.0,29.0,10.0,L,R,OF,Philadelphia Phillies,5908,913,1379,285,817,879,1276,112,2578,42.5
2022.0,Bryson Stott,stottbr01,763000.0,24.0,0.0,L,R,SS,Philadelphia Phillies,466,58,100,10,49,36,89,0,153,1.15
2022.0,Byron Buxton,buxtoby01,9810000.0,28.0,7.0,R,R,OF,Minnesota Twins,2140,315,477,98,255,138,622,3,924,20.23
2022.0,CJ Abrams,abramcj01,763000.0,21.0,0.0,L,R,SS,San Diego Padres,302,33,70,2,21,5,50,0,92,0.13
2022.0,CJ Cron,croncj01,7902500.0,32.0,8.0,R,R,1B,Colorado Rockies,3765,432,889,175,567,251,863,16,1616,12.87
2022.0,Cal Raleigh,raleica01,763000.0,25.0,1.0,B,R,C,Seattle Mariners,563,52,103,29,76,45,174,0,224,3.34
2022.0,Cam Gallagher,gallaca01,964650.0,29.0,5.0,R,R,C,Kansas City Royals,469,41,101,7,39,34,91,0,149,1.14
2022.0,Canaan Smith-Njigba,smithca04,2180000.0,23.0,0.0,L,R,OF,Pittsburgh Pirates,7,1,1,0,0,1,0,0,2,-0.06
2022.0,Carlos Correa,correca01,38259000.0,27.0,7.0,R,R,SS,Minnesota Twins,3813,508,933,155,553,408,781,21,1602,39.53
2022.0,Carlos Santana,santaca01,11445000.0,36.0,12.0,B,R,1B,Kansas City Royals,7567,917,1533,278,925,1148,1246,62,2733,32.87
2022.0,Carson Kelly,kellyca02,3624250.0,27.0,6.0,R,R,C,Arizona Diamondbacks,1338,145,262,43,157,135,273,11,450,3.53
2022.0,Cavan Biggio,biggica01,2313525.0,27.0,3.0,L,R,2B,Toronto Blue Jays,1292,177,246,37,127,187,347,2,426,6.199999999999999
2022.0,Chad Pinder,pindech01,2970250.0,30.0,6.0,R,R,OF,Oakland Athletics,1740,204,388,62,197,103,475,1,669,3.64
2022.0,Charlie Blackmon,blackch02,22890000.0,35.0,11.0,L,L,OF,Colorado Rockies,5913,880,1590,207,709,403,1001,33,2613,19.26
2022.0,Charlie Culberson,culbech01,1090000.0,33.0,10.0,R,R,3B,Texas Rangers,1311,140,300,30,145,68,337,9,467,-0.3500000000000001
2022.0,Chas McCormick,mccorch01,763000.0,27.0,1.0,R,L,OF,Houston Astros,727,94,161,28,94,71,210,0,273,3.62
2022.0,Chris Owings,owingch01,763000.0,30.0,9.0,R,R,SS,Baltimore Orioles,2464,262,546,37,220,143,598,13,835,2.3600000000000003
2022.0,Chris Taylor,tayloch03,16350000.0,31.0,8.0,R,R,OF,Los Angeles Dodgers,3154,422,716,89,352,296,902,8,1212,15.47
2022.0,Christian Arroyo,arroych01,1308000.0,27.0,5.0,R,R,2B,Boston Red Sox,786,83,184,21,96,44,170,3,289,2.23
2022.0,Christian Vázquez,vazquch01,7630000.0,31.0,8.0,R,R,C,Boston Red Sox,2633,283,636,55,276,163,474,6,938,7.09
2022.0,Christian Walker,walkech02,2834000.0,31.0,8.0,R,R,1B,Arizona Diamondbacks,2057,269,450,88,256,201,482,9,820,8.78
2022.0,Christian Yelich,yelicch01,28340000.0,30.0,9.0,L,R,OF,Milwaukee Brewers,5436,795,1352,174,630,652,1183,44,2196,36.19
2022.0,Clint Frazier,frazicl01,1635000.0,27.0,5.0,R,R,OF,Chicago Cubs,852,104,177,29,98,92,246,1,318,0.2600000000000001
2022.0,Cody Bellinger,bellico01,18530000.0,26.0,5.0,L,L,OF,Los Angeles Dodgers,2984,434,652,152,422,327,691,47,1280,17.700000000000003
2022.0,Cole Tucker,tuckeco01,763000.0,25.0,3.0,B,R,SS,Pittsburgh Pirates,469,51,92,5,35,28,129,1,137,-2.13
2022.0,Colin Moran,moranco01,1090000.0,29.0,6.0,L,R,3B,Cincinnati Reds,1692,167,400,50,239,142,377,8,631,-0.1599999999999999
2022.0,Connor Joe,joeco01,763000.0,29.0,3.0,R,R,OF,Colorado Rockies,694,80,148,15,63,82,143,0,230,2.27
2022.0,Cooper Hummel,hummeco01,763000.0,27.0,0.0,B,R,OF,Arizona Diamondbacks,201,20,31,3,17,23,64,0,54,-0.34
2022.0,Corey Dickerson,dickeco01,5450000.0,33.0,9.0,L,R,OF,St. Louis Cardinals,3786,471,992,134,452,220,771,29,1696,13.65
2022.0,Corey Seager,seageco01,35425000.0,28.0,7.0,L,R,SS,Texas Rangers,3373,485,863,137,447,313,604,24,1488,25.08
2022.0,Cristian Pache,pachecr01,763000.0,23.0,2.0,R,R,OF,Oakland Athletics,332,24,48,4,22,17,97,0,72,-1.41
2022.0,Curt Casali,casalcu01,2834000.0,33.0,8.0,R,R,C,San Francisco Giants,1358,137,263,47,148,145,378,7,462,6.470000000000001
2022.0,César Hernández,hernace02,4360000.0,32.0,9.0,B,R,2B,Washington Nationals,4797,590,1144,71,369,453,926,17,1605,13.24
2022.0,DJ LeMahieu,lemahdj01,16350000.0,33.0,11.0,R,R,2B,New York Yankees,5890,809,1576,107,581,482,853,22,2217,30.17
2022.0,DJ Stewart,stewadj01,763000.0,28.0,4.0,L,R,OF,Baltimore Orioles,622,75,112,26,73,82,167,2,211,0.5300000000000001
2022.0,Daniel Vogelbach,vogelda01,872000.0,29.0,6.0,L,R,1B,Pittsburgh Pirates,1559,175,284,67,190,245,394,6,537,1.4800000000000002
2022.0,Danny Jansen,janseda01,2125500.0,27.0,4.0,R,R,C,Toronto Blue Jays,1079,137,211,48,143,103,215,2,401,6.45
2022.0,Danny Mendick,mendida01,763000.0,28.0,3.0,R,R,2B,Chicago White Sox,446,53,102,10,45,32,101,0,149,1.19
2022.0,Dansby Swanson,swansda01,11009000.0,28.0,6.0,R,R,SS,Atlanta Braves,3387,433,775,102,411,290,820,36,1268,14.72
2022.0,Darin Ruf,rufda01,3270000.0,35.0,10.0,R,R,1B,San Francisco Giants,1633,195,340,67,202,172,444,4,613,1.5200000000000005
2022.0,Daulton Varsho,varshda01,763000.0,25.0,2.0,L,R,OF,Arizona Diamondbacks,1022,136,214,41,121,88,245,3,396,6.66
2022.0,David Bote,boteda01,2725000.0,29.0,4.0,R,R,3B,Chicago Cubs,1165,132,235,36,150,113,311,5,400,4.27
2022.0,David Fletcher,fletcda02,4360000.0,28.0,4.0,R,R,2B,Los Angeles Angels,2083,243,536,14,156,128,199,3,695,10.46
2022.0,David Peralta,peralda01,8720000.0,34.0,8.0,L,L,OF,Arizona Diamondbacks,3908,444,1001,110,486,294,765,19,1627,15.06
2022.0,Dee Strange-Gordon,gordode01,1090000.0,34.0,11.0,L,R,2B,Washington Nationals,4163,538,1118,18,236,168,618,6,1407,12.73
2022.0,Derek Hill,hillde01,763000.0,26.0,2.0,R,R,OF,Detroit Tigers,254,30,56,4,17,16,76,0,79,0.0
2022.0,Didi Gregorius,gregodi01,15805000.0,32.0,10.0,L,R,SS,Philadelphia Phillies,4259,503,999,134,530,254,612,19,1635,17.83
2022.0,Dom Nuñez,nunezdo01,763000.0,27.0,3.0,L,R,C,Colorado Rockies,347,38,54,12,39,43,118,4,112,-1.01
2022.0,Dominic Smith,smithdo02,4305500.0,27.0,5.0,L,L,1B,New York Mets,1373,147,306,46,179,95,334,2,528,0.15
2022.0,Donovan Solano,solando01,4905000.0,34.0,10.0,R,R,2B,Cincinnati Reds,2247,205,572,27,206,129,404,7,770,4.88
2022.0,Dustin Garneau,garnedu01,1280750.0,34.0,7.0,R,R,C,Detroit Tigers,506,51,92,15,54,45,131,2,167,1.55
2022.0,Dylan Carlson,carlsdy01,766270.0,23.0,2.0,B,L,OF,St. Louis Cardinals,1226,146,268,29,123,110,281,3,441,5.15
2022.0,Dylan Moore,mooredy01,1471500.0,29.0,3.0,R,R,OF,Seattle Mariners,1073,140,192,35,112,113,322,2,354,4.359999999999999
2022.0,Eddie Rosario,rosared01,9810000.0,30.0,7.0,L,R,OF,Atlanta Braves,3512,469,889,138,474,176,668,15,1520,11.37
2022.0,Edmundo Sosa,sosaed01,763000.0,26.0,4.0,R,R,SS,St. Louis Cardinals,529,68,120,8,48,24,116,2,179,4.51
2022.0,Eduardo Escobar,escobed01,10900000.0,33.0,11.0,B,R,3B,New York Mets,4812,561,1120,158,605,333,965,25,1917,13.05
2022.0,Edward Olivares,olivaed02,763000.0,26.0,2.0,R,R,OF,Kansas City Royals,386,47,93,12,37,19,80,0,143,-0.65
2022.0,Edwin Rios,riosed01,763000.0,28.0,3.0,L,R,3B,Los Angeles Dodgers,291,39,57,20,43,25,93,1,128,0.3599999999999999
2022.0,Ehire Adrianza,adriaeh01,1635000.0,32.0,9.0,B,R,SS,Washington Nationals,1539,183,325,21,149,126,297,5,481,1.07
2022.0,Eli White,whiteel04,763000.0,28.0,2.0,R,R,OF,Texas Rangers,389,47,65,9,28,32,123,0,104,0.3499999999999998
2022.0,Elias Díaz,diazel01,3270000.0,31.0,7.0,R,R,C,Colorado Rockies,1640,167,366,42,186,115,293,2,576,2.96
2022.0,Elier Hernandez,hernael02,1444250.0,27.0,0.0,R,R,OF,Texas Rangers,35,4,6,0,3,1,15,0,8,-0.42
2022.0,Eloy Jiménez,jimenel02,7085000.0,25.0,3.0,R,R,OF,Chicago White Sox,1288,158,327,71,211,86,319,0,598,5.24
2022.0,Elvis Andrus,andruel01,7357500.0,33.0,13.0,R,R,SS,Oakland Athletics,8197,1019,1997,96,731,586,1135,7,2745,33.49
2022.0,Enrique Hernández,hernaen02,8720000.0,30.0,8.0,R,R,OF,Boston Red Sox,2995,384,637,97,332,279,598,11,1111,16.87
2022.0,Eric Haase,haaseer01,763000.0,29.0,4.0,R,R,C,Detroit Tigers,785,91,169,37,111,52,236,1,313,3.48
2022.0,Eric Hosmer,hosmeer01,21800000.0,32.0,11.0,L,L,1B,San Diego Padres,6877,805,1731,196,879,556,1210,53,2678,19.14
2022.0,Ernie Clement,clemeer01,763000.0,26.0,1.0,R,R,3B,Cleveland Guardians,312,35,58,3,15,18,45,0,75,-0.6799999999999999
2022.0,Eugenio Suárez,suareeu01,11990000.0,30.0,8.0,R,R,3B,Seattle Mariners,4636,582,1015,224,634,467,1228,14,1890,18.15
2022.0,Evan Longoria,longoev01,21255000.0,36.0,14.0,R,R,3B,San Francisco Giants,7969,992,1883,331,1131,707,1623,87,3350,58.1
2022.0,Francisco Lindor,lindofr01,34880000.0,28.0,7.0,B,R,SS,New York Mets,4740,679,1170,184,581,401,725,33,2000,36.68
2022.0,Francisco Mejía,mejiafr01,1585950.0,26.0,5.0,B,R,C,Tampa Bay Rays,938,102,210,24,99,44,201,2,343,2.25
2022.0,Frank Schwindel,schwifr01,763000.0,30.0,3.0,R,R,1B,Chicago Cubs,566,67,142,22,79,35,101,3,241,0.51
2022.0,Franmil Reyes,reyesfr01,4959500.0,26.0,4.0,R,R,OF,Cleveland Guardians,2013,232,457,106,278,168,611,4,856,2.9
2022.0,Freddie Freeman,freemfr01,29430000.0,32.0,12.0,L,R,1B,Los Angeles Dodgers,7368,1086,1903,292,1041,860,1414,114,3247,49.21
2022.0,Garrett Cooper,coopega03,2725000.0,31.0,5.0,R,R,1B,Miami Marlins,1356,144,331,39,161,119,352,0,531,4.26
2022.0,Garrett Hampson,hampsga01,2030125.0,27.0,4.0,R,R,OF,Colorado Rockies,1279,166,272,26,90,98,341,3,428,0.2199999999999997
2022.0,Garrett Stubbs,stubbga01,763000.0,29.0,3.0,L,R,C,Philadelphia Phillies,208,30,42,5,22,20,44,0,68,0.7500000000000001
2022.0,Gary Sánchez,sanchga02,8175000.0,29.0,7.0,R,R,C,Minnesota Twins,2665,341,530,154,401,260,718,9,1098,12.58
2022.0,Gavin Lux,luxga01,763000.0,24.0,3.0,L,R,2B,Los Angeles Dodgers,1003,135,226,18,105,101,221,3,342,5.21
2022.0,Gavin Sheets,sheetga01,763000.0,26.0,1.0,L,L,OF,Chicago White Sox,589,57,131,26,87,43,126,0,236,-0.26
2022.0,George Springer,springe01,30520000.0,32.0,8.0,R,R,OF,Toronto Blue Jays,4492,715,1048,221,584,487,964,10,1925,34.1
2022.0,Giancarlo Stanton,stantmi03,31610000.0,32.0,12.0,R,R,OF,New York Yankees,6022,815,1383,378,971,697,1696,83,2811,44.73
2022.0,Gilberto Celestino,celesgi01,763000.0,23.0,1.0,R,L,OF,Minnesota Twins,409,37,82,4,27,35,91,0,111,0.09
2022.0,Gio Urshela,urshegi01,7139500.0,30.0,7.0,R,R,3B,Minnesota Twins,2142,246,544,62,256,132,407,3,848,8.35
2022.0,Gleyber Torres,torregl01,6812500.0,25.0,4.0,R,R,2B,New York Yankees,2336,290,556,98,310,201,512,9,954,11.46
2022.0,Gosuke Katoh,katohgo01,763000.0,27.0,0.0,L,R,1B,Toronto Blue Jays,11,2,1,0,0,3,1,0,2,0.08
2022.0,Greg Allen,allengr01,763000.0,29.0,5.0,B,R,OF,Pittsburgh Pirates,800,103,165,10,67,45,184,2,239,0.8799999999999999
2022.0,Guillermo Heredia,heredgu01,1090000.0,31.0,6.0,R,L,OF,Atlanta Braves,1566,179,320,27,114,130,313,5,480,2.88
2022.0,Ha-Seong Kim,kimha01,7630000.0,26.0,1.0,R,R,SS,San Diego Padres,880,85,184,19,93,73,171,1,292,7.109999999999999
2022.0,Hanser Alberto,alberha01,1471500.0,29.0,7.0,R,R,2B,Los Angeles Dodgers,1387,149,360,19,121,32,169,1,503,4.01
2022.0,Harold Castro,castrha01,1389750.0,28.0,4.0,L,R,2B,Detroit Tigers,1215,110,326,15,125,45,250,1,433,-0.82
2022.0,Harold Ramírez,ramirha02,793520.0,27.0,3.0,R,R,OF,Tampa Bay Rays,1253,135,330,24,150,52,221,3,475,1.37
2022.0,Harrison Bader,baderha01,5123000.0,28.0,5.0,R,R,OF,St. Louis Cardinals,1764,229,386,52,177,137,453,14,639,11.58
2022.0,Hoy Park,parkho01,763000.0,26.0,1.0,L,R,2B,Pittsburgh Pirates,210,23,36,5,20,22,53,1,62,-0.54
2022.0,Hunter Dozier,doziehu01,4905000.0,30.0,6.0,R,R,3B,Kansas City Royals,2224,250,483,71,226,185,592,2,854,-2.4400000000000004
2022.0,Hunter Renfroe,renfrhu01,8338500.0,30.0,6.0,R,R,OF,Milwaukee Brewers,2683,345,586,157,394,201,696,6,1196,10.81
2022.0,Ian Happ,happia01,7466500.0,27.0,5.0,B,R,OF,Chicago Cubs,2438,305,530,104,308,274,703,19,978,10.98
2022.0,Isiah Kiner-Falefa,kineris01,5123000.0,27.0,4.0,R,R,SS,New York Yankees,2054,234,498,20,166,119,305,5,655,10.06
2022.0,JD Davis,davisjd01,3008400.0,29.0,5.0,R,R,3B,New York Mets,1439,172,335,50,146,146,392,5,554,2.19
2022.0,JD Martinez,martijd02,21091500.0,34.0,11.0,R,R,OF,Boston Red Sox,5891,790,1522,282,899,518,1424,53,2749,28.06
2022.0,JP Crawford,crawfjp01,5286500.0,27.0,5.0,L,R,SS,Seattle Mariners,2143,247,465,27,184,221,375,1,671,10.59
2022.0,JT Realmuto,realmjt01,26023750.0,31.0,8.0,R,R,C,Philadelphia Phillies,4039,519,1013,134,515,268,807,15,1678,29.68
2022.0,Jace Peterson,peterja01,1989250.0,32.0,8.0,L,R,2B,Milwaukee Brewers,2323,239,466,36,207,260,510,12,692,3.78
2022.0,Jack Mayfield,mayfija01,763000.0,31.0,3.0,R,R,3B,Los Angeles Angels,476,51,89,13,53,23,115,0,152,-0.17
2022.0,Jackie Bradley Jr,bradlja02,10355000.0,32.0,9.0,L,R,OF,Boston Red Sox,4079,504,825,108,443,356,1037,17,1402,17.28
2022.0,Jacob Stallings,stallja01,2834000.0,32.0,6.0,R,R,C,Miami Marlins,1236,107,269,21,128,114,263,6,381,5.19
2022.0,Jake Burger,burgeja01,763000.0,26.0,1.0,R,R,3B,Chicago White Sox,225,25,52,9,29,14,71,1,95,0.37
2022.0,Jake Cronenworth,croneja01,763000.0,28.0,2.0,L,R,2B,San Diego Padres,1519,208,340,42,179,143,251,9,572,10.54
2022.0,Jake Fraley,fraleja01,763000.0,27.0,3.0,L,L,OF,Cincinnati Reds,582,66,111,21,65,74,150,2,195,1.4700000000000002
2022.0,Jake Marisnick,marisja01,1090000.0,31.0,9.0,R,R,OF,Pittsburgh Pirates,2164,277,451,63,213,116,650,6,759,11.55
2022.0,Jake McCarthy,mccarja02,763000.0,24.0,1.0,L,L,OF,Arizona Diamondbacks,424,64,104,10,47,31,99,0,159,2.8000000000000003
2022.0,Jake Meyers,meyerja02,763000.0,26.0,1.0,R,L,OF,Houston Astros,323,35,72,7,43,17,104,0,111,1.73
2022.0,James McCann,mccanja02,8720000.0,32.0,8.0,R,R,C,New York Mets,2848,265,637,78,316,172,734,2,996,6.79
2022.0,Jared Walsh,walshja01,763000.0,28.0,3.0,L,L,1B,Los Angeles Angels,1234,136,283,54,173,86,340,11,518,2.55
2022.0,Jarred Kelenic,kelenja01,763000.0,22.0,1.0,L,L,OF,Seattle Mariners,558,61,84,21,60,52,167,0,169,-1.98
2022.0,Jason Castro,castrja01,3542500.0,35.0,12.0,L,R,C,Houston Astros,3381,368,678,97,325,347,970,11,1153,12.4
2022.0,Jason Heyward,heywaja01,23980000.0,32.0,12.0,L,L,OF,Chicago Cubs,6265,781,1422,159,641,644,1101,24,2246,38.76
2022.0,Javier Báez,baezja01,21800000.0,29.0,8.0,R,R,SS,Detroit Tigers,3845,515,936,166,532,182,1100,33,1667,26.02
2022.0,Jazz Chisholm Jr,chishja01,763000.0,24.0,2.0,L,R,2B,Miami Marlins,810,117,178,34,104,60,230,0,329,4.8100000000000005
2022.0,Jean Segura,segurje01,15532500.0,32.0,10.0,R,R,SS,Philadelphia Phillies,5611,712,1479,107,492,301,777,24,2122,28.03
2022.0,Jed Lowrie,lowrije01,763000.0,38.0,14.0,B,R,SS,Oakland Athletics,5196,590,1185,121,594,503,895,19,1874,15.78
2022.0,Jeff McNeil,mcneije01,3270000.0,30.0,4.0,L,R,2B,New York Mets,2039,258,564,46,214,138,242,6,841,16.85
2022.0,Jeimer Candelario,candeje01,6322000.0,28.0,6.0,B,R,3B,Detroit Tigers,2460,283,525,66,248,237,587,5,875,7.38
2022.0,Jeremy Peña,penaje02,763000.0,24.0,0.0,R,R,SS,Houston Astros,558,72,132,22,63,22,135,0,222,4.9
2022.0,Jesse Winker,winkeje01,7630000.0,28.0,5.0,L,L,OF,Seattle Mariners,2070,265,478,80,243,267,354,8,818,5.24
2022.0,Jesús Aguilar,aguilje01,7957000.0,32.0,8.0,R,R,1B,Miami Marlins,2543,280,571,109,393,227,591,9,1007,4.08
2022.0,Jesús Sánchez,sanchje02,763000.0,24.0,2.0,L,R,OF,Miami Marlins,623,66,125,27,74,50,181,3,239,1.7
2022.0,Ji Man Choi,choiji01,3488000.0,31.0,6.0,L,R,1B,Tampa Bay Rays,1724,178,350,61,225,231,441,9,627,5.16
2022.0,Jo Adell,adelljo01,763000.0,23.0,2.0,R,R,OF,Los Angeles Angels,557,48,112,15,60,26,194,0,186,-1.69
2022.0,Joc Pederson,pederjo01,6540000.0,30.0,8.0,L,L,OF,San Francisco Giants,3431,457,702,171,434,385,826,19,1391,11.55
2022.0,Joey Bart,bartjo01,763000.0,25.0,2.0,R,R,C,San Francisco Giants,408,50,82,11,33,29,155,0,130,1.08
2022.0,Joey Gallo,gallojo01,11199750.0,28.0,7.0,L,R,OF,New York Yankees,2811,400,471,177,386,417,1048,19,1109,14.56
2022.0,Joey Votto,vottojo01,27250000.0,38.0,15.0,L,R,1B,Cincinnati Reds,8504,1145,2093,342,1106,1338,1578,147,3616,64.48
2022.0,Joey Wendle,wendljo01,4905000.0,32.0,6.0,L,R,2B,Miami Marlins,1982,232,490,30,199,111,360,10,722,13.59
2022.0,Johan Camargo,camarjo01,1526000.0,28.0,5.0,B,R,3B,Philadelphia Phillies,1339,149,312,37,159,99,280,8,502,3.4400000000000004
2022.0,Jon Berti,bertijo01,1308000.0,32.0,4.0,R,R,3B,Miami Marlins,1126,157,240,16,87,121,264,0,347,5.32
2022.0,Jonah Heim,heimjo01,778260.0,27.0,2.0,B,R,C,Texas Rangers,776,78,152,26,85,59,148,0,265,2.45
2022.0,Jonathan Araúz,arauzjo01,763000.0,23.0,2.0,B,R,2B,Boston Red Sox,196,20,35,5,22,17,48,0,55,-0.65
2022.0,Jonathan India,indiajo01,763000.0,25.0,1.0,R,R,2B,Cincinnati Reds,1062,146,239,31,110,102,235,2,390,3.77
2022.0,Jonathan Schoop,schoojo01,8175000.0,30.0,9.0,R,R,2B,Detroit Tigers,4465,542,1066,174,537,182,992,4,1812,20.04
2022.0,Jonathan Villar,villajo01,4905000.0,31.0,9.0,B,R,SS,Chicago Cubs,3934,482,899,101,343,344,1045,10,1401,12.21
2022.0,Jordan Luplow,luplojo01,1526000.0,28.0,5.0,R,R,OF,Arizona Diamondbacks,970,121,179,45,120,114,237,1,363,2.24
2022.0,Jorge Alfaro,alfarjo01,2970250.0,29.0,6.0,R,R,C,San Diego Padres,1658,150,395,47,194,70,566,10,611,3.04
2022.0,Jorge Mateo,mateojo01,763000.0,27.0,2.0,R,R,SS,Baltimore Orioles,770,86,161,17,66,37,213,0,267,3.47
2022.0,Jorge Polanco,polanjo01,5995000.0,28.0,8.0,B,R,SS,Minnesota Twins,3186,405,772,98,399,269,553,4,1269,15.34
2022.0,Jorge Soler,solerjo01,13080000.0,30.0,8.0,R,R,OF,Miami Marlins,2893,339,610,134,377,299,786,10,1157,4.14
2022.0,Jose Altuve,altuvjo01,28340000.0,32.0,11.0,R,R,2B,Houston Astros,6950,986,1935,192,696,509,840,43,2948,46.5
2022.0,Jose Barrero,garcijo02,763000.0,24.0,2.0,R,R,SS,Cincinnati Reds,298,21,48,2,15,13,119,0,63,-2.21
2022.0,Jose Herrera,herrejo04,763000.0,25.0,0.0,B,R,C,Arizona Diamondbacks,124,9,21,0,5,9,34,0,23,-0.25
2022.0,Jose Siri,sirijo01,763000.0,26.0,1.0,R,R,OF,Houston Astros,374,63,78,11,33,21,125,0,130,1.63
2022.0,Jose Trevino,trevijo01,784800.0,29.0,4.0,R,R,C,New York Yankees,872,90,203,20,98,33,162,1,308,2.72
2022.0,Josh Bell,belljo02,10900000.0,29.0,6.0,B,R,1B,Washington Nationals,3406,436,773,130,468,406,620,29,1355,9.03
2022.0,Josh Donaldson,donaljo02,22890000.0,36.0,12.0,R,R,3B,New York Yankees,5667,798,1285,266,790,703,1171,22,2389,46.65
2022.0,Josh Harrison,harrijo05,4360000.0,34.0,11.0,R,R,2B,Chicago White Sox,4233,492,1059,71,378,184,642,5,1551,17.72
2022.0,Josh Lowe,lowejo01,763000.0,24.0,1.0,L,R,OF,Tampa Bay Rays,200,24,41,2,13,16,66,1,63,0.3299999999999999
2022.0,Josh Naylor,naylojo01,1308000.0,25.0,3.0,L,L,OF,Cleveland Guardians,1131,117,261,36,138,82,201,6,430,2.03
2022.0,Josh Rojas,rojasjo01,763000.0,28.0,3.0,L,R,3B,Arizona Diamondbacks,1287,161,288,22,118,138,292,3,426,3.54
2022.0,Josh VanMeter,vanmejo01,763000.0,27.0,3.0,L,R,2B,Pittsburgh Pirates,841,83,153,19,79,88,208,0,258,-0.7800000000000001
2022.0,José Abreu,abreujo02,19620000.0,35.0,8.0,R,R,1B,Chicago White Sox,5506,697,1445,243,863,386,1088,56,2509,31.84
2022.0,José Azocar,azocajo01,763000.0,26.0,0.0,R,R,OF,San Diego Padres,216,24,52,0,10,12,44,0,67,0.1
2022.0,José Iglesias,iglesjo01,5450000.0,32.0,11.0,R,R,SS,Colorado Rockies,4043,438,1051,47,366,173,502,6,1440,11.71
2022.0,José Ramírez,ramirjo01,13080000.0,29.0,9.0,B,R,3B,Cleveland Guardians,4713,697,1155,192,666,473,573,54,2086,40.43
2022.0,Juan Soto,sotoju01,18639000.0,23.0,4.0,L,L,OF,Washington Nationals,2667,430,612,125,374,508,448,54,1123,23.16
2022.0,Julio Rodríguez,rodriju01,763000.0,21.0,0.0,R,R,OF,Seattle Mariners,560,84,145,28,75,40,145,4,260,6.22
2022.0,Jurickson Profar,profaju01,7085000.0,29.0,10.0,B,R,OF,San Diego Padres,3102,379,648,78,313,304,501,4,1051,6.3
2022.0,Justin Turner,turneju01,17440000.0,37.0,13.0,R,R,3B,Los Angeles Dodgers,5146,652,1307,164,663,462,770,16,2109,34.41
2022.0,KeBryan Hayes,hayeske01,763000.0,25.0,2.0,R,R,3B,Pittsburgh Pirates,1051,121,248,18,90,88,229,2,367,8.48
2022.0,Keibert Ruiz,ruizke01,763000.0,23.0,2.0,B,R,C,Washington Nationals,537,44,125,11,52,36,62,0,183,2.1500000000000004
2022.0,Kelvin Gutiérrez,gutieke01,763000.0,27.0,3.0,R,R,3B,Baltimore Orioles,419,29,87,4,34,31,114,0,118,-0.0799999999999998
2022.0,Keston Hiura,hiurake01,763000.0,25.0,3.0,R,R,2B,Milwaukee Brewers,1057,131,223,50,132,78,380,3,425,1.48
2022.0,Ketel Marte,marteke01,8720000.0,28.0,7.0,B,R,2B,Arizona Diamondbacks,3303,414,833,82,338,271,511,14,1336,19.5
2022.0,Kevin Kiermaier,kiermke01,13080000.0,32.0,9.0,L,R,OF,Tampa Bay Rays,3351,410,756,82,316,236,736,12,1244,31.68
2022.0,Kevin Newman,newmake01,2125500.0,28.0,4.0,R,R,SS,Pittsburgh Pirates,1663,161,402,20,143,87,195,6,551,3.02
2022.0,Kevin Plawecki,plaweke01,2452500.0,31.0,7.0,R,R,C,Boston Red Sox,1426,119,298,22,137,119,278,10,433,2.26
2022.0,Kevin Smith,smithke05,763000.0,25.0,1.0,R,R,3B,Oakland Athletics,187,11,28,3,14,10,53,0,48,0.0
2022.0,Kole Calhoun,calhoko01,5668000.0,34.0,10.0,L,L,OF,Texas Rangers,4814,618,1042,173,557,437,1089,15,1795,14.06
2022.0,Kolten Wong,wongko01,8720000.0,31.0,9.0,L,R,2B,Milwaukee Brewers,4033,486,932,82,378,310,634,30,1420,22.98
2022.0,Kris Bryant,bryankr01,18530000.0,30.0,7.0,R,R,3B,Colorado Rockies,4019,620,963,172,501,460,935,21,1733,29.19
2022.0,Kurt Suzuki,suzukku01,1907500.0,38.0,15.0,R,R,C,Los Angeles Angels,6163,594,1421,143,730,387,751,22,2157,19.47
2022.0,Kyle Farmer,farmeky01,3438950.0,31.0,5.0,R,R,SS,Cincinnati Reds,1476,146,342,39,183,75,286,3,528,2.9400000000000004
2022.0,Kyle Higashioka,higasky01,1019150.0,32.0,5.0,R,R,C,New York Yankees,663,70,123,30,87,37,170,0,238,1.14
2022.0,Kyle Isbel,isbelky01,763000.0,25.0,1.0,L,R,OF,Kansas City Royals,361,48,75,6,35,23,98,0,120,0.83
2022.0,Kyle Schwarber,schwaky01,20710000.0,29.0,7.0,L,R,OF,Philadelphia Phillies,3248,471,648,199,444,424,918,32,1378,11.19
2022.0,Kyle Tucker,tuckeky01,763000.0,25.0,4.0,L,R,OF,Houston Astros,1548,212,372,73,256,140,264,12,698,12.87
2022.0,LaMonte Wade Jr,wadela01,763000.0,28.0,3.0,L,L,OF,San Francisco Giants,745,94,150,28,88,74,158,1,273,1.12
2022.0,Lane Thomas,thomala02,763000.0,26.0,3.0,R,R,OF,Washington Nationals,896,108,189,29,94,86,216,1,329,2.91
2022.0,Lars Nootbaar,nootbla01,763000.0,24.0,1.0,L,R,OF,St. Louis Cardinals,471,68,92,19,55,64,99,2,176,2.8000000000000003
2022.0,Leury Garcia,garcile02,5995000.0,31.0,9.0,B,R,OF,Chicago White Sox,2402,290,560,34,201,109,550,1,777,4.13
2022.0,Lorenzo Cain,cainlo01,19620000.0,36.0,12.0,R,R,OF,Milwaukee Brewers,4758,626,1220,87,454,362,854,14,1754,38.51
2022.0,Lourdes Gurriel Jr,gurrilo01,4905000.0,28.0,4.0,R,R,OF,Toronto Blue Jays,1864,224,491,68,254,106,378,3,806,7.86
2022.0,Lucius Fox,foxlu01,763000.0,24.0,0.0,B,R,SS,Washington Nationals,28,2,2,0,2,1,9,0,2,-0.67
2022.0,Luis Arraez,arraelu01,2180000.0,25.0,3.0,L,R,2B,Minnesota Twins,1569,216,444,14,132,137,131,5,579,10.27
2022.0,Luis Guillorme,guilllu01,953750.0,27.0,4.0,L,R,2B,New York Mets,703,64,164,4,39,81,103,3,205,2.97
2022.0,Luis Robert Jr,roberlu01,6540000.0,24.0,2.0,R,R,OF,Chicago White Sox,924,129,248,36,130,51,211,2,406,7.43
2022.0,Luis Torrens,torrelu01,1308000.0,26.0,5.0,R,R,C,Seattle Mariners,777,66,159,19,75,61,200,4,249,-0.1899999999999999
2022.0,Luis Urías,uriaslu01,763000.0,25.0,4.0,R,R,3B,Milwaukee Brewers,1464,174,303,45,162,151,313,3,501,7.22
2022.0,Luke Maile,mailelu01,981000.0,31.0,7.0,R,R,C,Cleveland Guardians,897,78,169,13,80,62,240,1,256,1.39
2022.0,Luke Voit,voitlu01,5940500.0,31.0,5.0,R,R,1B,San Diego Padres,1838,242,410,95,272,188,523,3,768,5.63
2022.0,Luke Williams,willilu01,763000.0,25.0,1.0,R,R,OF,San Francisco Giants,244,29,54,2,12,19,67,1,71,-0.0699999999999999
2022.0,Maikel Franco,francma02,1090000.0,29.0,8.0,R,R,3B,Washington Nationals,3573,364,809,130,467,221,569,39,1370,0.6700000000000002
2022.0,Manny Machado,machama01,32700000.0,29.0,10.0,R,R,3B,San Diego Padres,6273,839,1597,283,853,513,1069,61,2794,52.010000000000005
2022.0,Manny Piña,pinama01,3815000.0,35.0,11.0,R,R,C,Atlanta Braves,1243,132,271,42,148,94,258,4,456,6.41
2022.0,Manuel Margot,margoma01,6104000.0,27.0,6.0,R,R,OF,Tampa Bay Rays,2512,276,585,48,245,179,452,8,889,11.56
2022.0,Marcell Ozuna,ozunama01,17440000.0,31.0,9.0,R,R,OF,Atlanta Braves,4843,582,1186,196,676,379,1042,15,2015,20.22
2022.0,Marcus Semien,semiema01,27250000.0,31.0,9.0,R,R,SS,Texas Rangers,5068,683,1166,186,565,445,997,5,2022,34.46
2022.0,Mark Canha,canhama01,13080000.0,33.0,7.0,R,R,OF,New York Mets,3034,417,646,102,355,303,646,6,1109,12.54
2022.0,Martín Maldonado,maldoma01,5450000.0,35.0,11.0,R,R,C,Houston Astros,3313,316,616,96,325,258,860,17,1029,7.54
2022.0,Matt Beaty,beatyma01,763000.0,29.0,3.0,L,R,OF,San Diego Padres,603,85,136,18,92,41,99,2,221,-0.8500000000000001
2022.0,Matt Chapman,chapmma01,13080000.0,29.0,5.0,R,R,3B,Toronto Blue Jays,3007,421,632,138,372,319,811,1,1232,26.81
2022.0,Matt Duffy,duffyma01,1635000.0,31.0,8.0,R,R,3B,Los Angeles Angels,2340,253,596,29,215,162,398,1,795,9.0
2022.0,Matt Olson,olsonma02,16350000.0,28.0,6.0,L,R,1B,Atlanta Braves,3068,409,665,176,476,347,725,31,1340,21.73
2022.0,Matt Vierling,vierlma01,763000.0,25.0,1.0,R,R,OF,Philadelphia Phillies,434,52,103,8,38,27,90,1,148,-0.2399999999999999
2022.0,Mauricio Dubón,dubonma01,763000.0,27.0,3.0,R,R,OF,San Francisco Giants,740,84,166,18,74,42,127,2,249,1.93
2022.0,Max Kepler,keplema01,7357500.0,29.0,7.0,L,L,OF,Minnesota Twins,3361,439,686,129,400,345,603,11,1261,17.01
2022.0,Max Muncy,muncyma01,12535000.0,31.0,7.0,L,R,1B,Los Angeles Dodgers,2720,403,522,144,384,410,656,16,1069,17.09
2022.0,Max Schrock,schroma01,763000.0,27.0,2.0,L,R,OF,Cincinnati Reds,178,21,43,4,16,9,36,1,66,-0.33
2022.0,Max Stassi,stassma01,3270000.0,31.0,9.0,R,R,C,Los Angeles Angels,1285,136,241,41,128,119,379,0,410,2.21
2022.0,Michael A Taylor,taylomi02,4905000.0,31.0,8.0,R,R,OF,Kansas City Royals,2788,311,618,74,281,191,819,14,977,9.41
2022.0,Michael Brantley,brantmi02,17440000.0,35.0,13.0,L,L,OF,Houston Astros,6092,751,1641,127,713,483,656,37,2418,34.15
2022.0,Michael Chavis,chavimi01,763000.0,26.0,3.0,R,R,1B,Pittsburgh Pirates,1090,117,241,40,137,59,345,3,413,-0.35
2022.0,Michael Hermosillo,hermomi01,763000.0,27.0,4.0,R,R,OF,Chicago Cubs,229,26,33,4,17,17,76,0,56,-0.56
2022.0,Mickey Moniak,moniami01,763000.0,24.0,2.0,L,R,OF,Philadelphia Phillies,167,19,24,4,11,11,66,1,41,-1.31
2022.0,Miguel Cabrera,cabremi01,34880000.0,39.0,19.0,R,R,1B,Detroit Tigers,11426,1530,3088,507,1847,1227,2031,238,5250,67.68
2022.0,Miguel Rojas,rojasmi02,5995000.0,33.0,8.0,R,R,SS,Miami Marlins,3082,309,734,39,269,194,387,16,1010,12.9
2022.0,Miguel Sanó,sanomi01,10082500.0,29.0,7.0,R,R,3B,Minnesota Twins,2859,386,585,162,418,333,1042,10,1206,7.62
2022.0,Mike Brosseau,brossmi01,763000.0,28.0,3.0,R,R,3B,Milwaukee Brewers,569,65,126,22,69,44,171,0,220,3.42
2022.0,Mike Moustakas,moustmi01,17440000.0,33.0,11.0,L,R,3B,Cincinnati Reds,5191,552,1165,203,635,376,873,25,2045,12.93
2022.0,Mike Trout,troutmi01,38640500.0,30.0,11.0,R,R,OF,Los Angeles Angels,6159,1052,1543,350,896,919,1354,117,2991,82.35
2022.0,Mike Yastrzemski,yastrmi01,4033000.0,31.0,3.0,L,L,OF,San Francisco Giants,1726,251,367,73,218,174,434,7,705,9.59
2022.0,Mike Zunino,zuninmi01,7630000.0,31.0,9.0,R,R,C,Tampa Bay Rays,2958,315,535,146,361,204,1027,1,1097,9.7
2022.0,Mitch Garver,garvemi01,3635150.0,31.0,5.0,R,R,C,Texas Rangers,1285,173,279,63,178,137,335,2,539,7.629999999999999
2022.0,Mitch Haniger,hanigmi01,8447500.0,31.0,6.0,R,R,OF,Seattle Mariners,2437,344,565,112,323,217,583,10,1030,15.37
2022.0,Mookie Betts,bettsmo01,19075000.0,29.0,8.0,R,R,OF,Los Angeles Dodgers,5064,870,1306,213,649,518,692,28,2318,56.22
2022.0,Myles Straw,strawmy01,763000.0,27.0,4.0,R,R,OF,Cleveland Guardians,1458,197,320,5,96,145,254,0,406,6.67
2022.0,Nathaniel Lowe,lowena01,780440.0,26.0,3.0,L,R,1B,Texas Rangers,1532,183,381,56,178,150,387,6,621,6.390000000000001
2022.0,Nelson Cruz,cruzne02,13080000.0,41.0,17.0,R,R,OF,Washington Nationals,8244,1081,2018,459,1302,732,1870,77,3790,42.49
2022.0,Nick Ahmed,ahmedni01,8447500.0,32.0,8.0,R,R,SS,Arizona Diamondbacks,2953,330,636,68,305,203,575,14,1030,12.38
2022.0,Nick Castellanos,casteni01,21800000.0,30.0,9.0,R,R,OF,Philadelphia Phillies,5031,596,1281,181,656,323,1160,17,2199,12.51
2022.0,Nick Gordon,gordoni01,763000.0,26.0,1.0,L,R,OF,Minnesota Twins,659,64,158,13,73,31,160,1,244,1.93
2022.0,Nick Madrigal,madrini01,763000.0,25.0,2.0,R,R,2B,Chicago Cubs,552,57,148,2,39,29,51,0,182,2.36
2022.0,Nick Senzel,senzeni01,1362500.0,27.0,3.0,R,R,OF,Cincinnati Reds,1036,126,223,20,83,78,208,0,334,-1.78
2022.0,Nick Solak,solakni01,784800.0,27.0,3.0,R,R,2B,Texas Rangers,974,117,218,21,93,74,197,1,322,0.58
2022.0,Nico Hoerner,hoernni01,763000.0,25.0,3.0,R,R,SS,Chicago Cubs,895,105,226,13,101,60,117,8,314,6.49
2022.0,Niko Goodrum,goodrni01,2289000.0,30.0,5.0,B,R,SS,Houston Astros,1531,173,311,42,152,138,479,2,535,2.03
2022.0,Nolan Arenado,arenano01,38150000.0,31.0,9.0,R,R,3B,St. Louis Cardinals,5831,803,1520,299,968,464,852,69,2817,51.99
2022.0,Odúbel Herrera,herreod01,1907500.0,30.0,7.0,L,R,OF,Philadelphia Phillies,3181,376,791,78,305,211,663,14,1221,13.39
2022.0,Omar Narváez,narvaom01,5450000.0,30.0,6.0,L,R,C,Milwaukee Brewers,2083,212,470,51,191,223,396,8,703,7.16
2022.0,Orlando Arcia,arciaor01,1744000.0,27.0,6.0,R,R,SS,Atlanta Braves,2188,216,488,53,223,151,445,15,742,2.95
2022.0,Owen Miller,milleow01,763000.0,25.0,1.0,R,R,1B,Cleveland Guardians,674,70,142,10,69,41,147,1,208,-0.76
2022.0,Ozzie Albies,albieoz01,5450000.0,25.0,5.0,B,R,2B,Atlanta Braves,2709,401,674,98,346,179,469,8,1171,15.53
2022.0,Patrick Wisdom,wisdopa01,763000.0,30.0,4.0,R,R,3B,Chicago Cubs,997,133,192,57,138,92,370,2,406,3.28
2022.0,Paul DeJong,dejonpa01,6540000.0,28.0,5.0,R,R,SS,St. Louis Cardinals,2410,300,501,102,306,192,628,4,922,13.18
2022.0,Paul Goldschmidt,goldspa01,23980000.0,34.0,11.0,R,R,1B,St. Louis Cardinals,6951,1045,1750,315,1042,916,1545,108,3121,58.3
2022.0,Pavin Smith,smithpa04,763000.0,26.0,2.0,L,L,OF,Arizona Diamondbacks,866,99,197,21,86,75,181,2,306,0.41
2022.0,Payton Henry,henrypa01,763000.0,25.0,1.0,R,R,C,Miami Marlins,51,2,8,0,4,6,13,0,9,-0.0999999999999999
2022.0,Pete Alonso,alonspe01,8066000.0,27.0,3.0,R,R,1B,New York Mets,2254,310,512,146,380,223,499,32,1050,14.080000000000002
2022.0,Rafael Devers,deverra01,12208000.0,25.0,5.0,L,R,3B,Boston Red Sox,2958,439,762,139,455,229,621,34,1380,15.33
2022.0,Rafael Ortega,ortegra01,763000.0,31.0,10.0,L,R,OF,Chicago Cubs,1148,120,256,21,101,106,214,3,369,1.09
2022.0,Raimel Tapia,tapiara01,4305500.0,28.0,6.0,L,L,OF,Toronto Blue Jays,1858,233,479,26,188,103,343,3,678,0.7
2022.0,Ramón Urías,uriasra01,763000.0,28.0,2.0,R,R,3B,Baltimore Orioles,768,86,182,24,92,60,180,1,289,5.68
2022.0,Randal Grichuk,grichra01,10173333.0,30.0,8.0,R,R,OF,Colorado Rockies,3790,471,874,175,512,207,990,6,1646,11.09
2022.0,Randy Arozarena,arozara01,781094.0,27.0,3.0,R,R,OF,Tampa Bay Rays,1348,185,323,48,171,110,352,6,555,7.88
2022.0,Reese McGuire,mcguire01,787416.0,27.0,4.0,L,R,C,Chicago White Sox,674,68,158,12,48,36,138,0,235,1.99
2022.0,Rhys Hoskins,hoskirh01,8393000.0,29.0,5.0,R,R,1B,Philadelphia Phillies,2877,392,588,148,405,388,689,9,1195,11.1
2022.0,Riley Adams,adamsri03,763000.0,26.0,1.0,R,R,C,Washington Nationals,275,27,47,7,20,27,86,0,82,0.55
2022.0,Robbie Grossman,grossro01,5450000.0,32.0,9.0,B,L,OF,Detroit Tigers,3896,447,815,80,366,499,858,8,1256,10.15
2022.0,Roberto Pérez,perezro02,5450000.0,33.0,8.0,R,R,C,Pittsburgh Pirates,1752,165,312,55,192,190,521,2,542,8.14
2022.0,Robinson Canó,canoro01,26160000.0,39.0,17.0,L,R,2B,New York Mets,9550,1262,2639,335,1306,620,1214,112,4282,68.1
2022.0,Robinson Chirinos,chiriro01,981000.0,38.0,11.0,R,R,C,Baltimore Orioles,2457,275,480,95,306,231,664,2,889,12.71
2022.0,Ronald Acuna Jr,acunaro01,16350000.0,24.0,4.0,R,R,OF,Atlanta Braves,2297,394,550,120,296,261,582,14,1026,17.65
2022.0,Rougned Odor,odorro01,763000.0,28.0,8.0,L,R,2B,Baltimore Orioles,4267,520,902,174,550,252,1008,15,1659,6.42
2022.0,Rowdy Tellez,tellero01,2114600.0,27.0,4.0,L,L,1B,Milwaukee Brewers,1533,180,326,79,216,127,343,17,637,1.4899999999999998
2022.0,Ryan Jeffers,jeffery01,763000.0,25.0,2.0,R,R,C,Minnesota Twins,591,58,112,24,69,50,189,0,208,1.94
2022.0,Ryan McKenna,mckenry01,763000.0,25.0,1.0,R,R,OF,Baltimore Orioles,369,43,68,4,25,35,129,1,98,0.07
2022.0,Ryan McMahon,mcmahry01,5450000.0,27.0,5.0,L,R,3B,Colorado Rockies,2151,259,466,81,282,216,600,5,816,9.48
2022.0,Ryan Mountcastle,mountry01,763000.0,25.0,2.0,R,R,1B,Baltimore Orioles,1335,151,317,60,197,95,345,3,557,3.17
2022.0,Ryan OHearn,ohearry01,1362500.0,28.0,4.0,L,L,1B,Kansas City Royals,1071,99,210,38,131,98,287,3,374,-2.75
2022.0,Salvador Perez,perezsa02,19620000.0,32.0,11.0,R,R,C,Kansas City Royals,5031,539,1274,223,732,180,914,23,2201,32.44
2022.0,Sam Hilliard,hillisa01,763000.0,28.0,3.0,L,L,OF,Colorado Rockies,639,84,121,29,71,64,209,3,241,1.82
2022.0,Santiago Espinal,espinsa01,782620.0,27.0,2.0,R,R,2B,Toronto Blue Jays,803,93,205,9,74,62,114,1,276,4.9
2022.0,Sean Murphy,murphse01,763000.0,27.0,3.0,R,R,C,Oakland Athletics,1200,135,246,42,139,120,275,2,441,7.34
2022.0,Seiya Suzuki,suzukse01,7630000.0,27.0,0.0,R,R,OF,Chicago Cubs,446,54,104,14,46,42,110,3,172,1.96
2022.0,Sergio Alcántara,alcanse01,763000.0,25.0,2.0,B,R,SS,Arizona Diamondbacks,502,58,93,12,47,44,135,2,153,0.12
2022.0,Seth Beer,beerse01,763000.0,25.0,1.0,L,R,1B,Arizona Diamondbacks,136,8,25,2,12,12,34,1,35,-0.82
2022.0,Seth Brown,brownse01,763000.0,29.0,3.0,L,L,OF,Oakland Athletics,950,109,197,45,134,81,260,5,391,3.73
2022.0,Sheldon Neuse,neusesh01,763000.0,27.0,3.0,R,R,3B,Oakland Athletics,420,34,83,7,37,25,125,0,116,-0.94
2022.0,Shohei Ohtani,ohtansh01,5995000.0,27.0,4.0,L,R,P,Los Angeles Angels,2272,326,530,127,342,260,612,37,1056,13.51
2022.0,Skye Bolt,boltsk01,763000.0,28.0,3.0,B,R,OF,Oakland Athletics,187,16,27,5,17,9,48,0,46,-0.97
2022.0,Spencer Torkelson,torkesp01,763000.0,22.0,0.0,R,R,1B,Detroit Tigers,404,38,73,8,28,37,99,0,115,-1.16
2022.0,Starling Marte,martest01,15805000.0,33.0,10.0,R,R,OF,New York Mets,5267,756,1392,142,565,277,1049,16,2177,38.66
2022.0,Stephen Piscotty,piscost01,7902500.0,31.0,7.0,R,R,OF,Oakland Athletics,2802,322,643,93,354,225,623,5,1082,6.54
2022.0,Stephen Vogt,vogtst01,926500.0,37.0,10.0,L,R,C,Oakland Athletics,2598,259,560,82,313,210,491,16,953,7.050000000000001
2022.0,Steven Duggar,duggast01,763000.0,28.0,4.0,L,R,OF,San Francisco Giants,846,101,183,14,87,61,262,4,285,2.06
2022.0,Steven Kwan,kwanst01,763000.0,24.0,0.0,L,L,OF,Cleveland Guardians,638,89,168,6,52,62,60,2,225,5.54
2022.0,Taylor Jones,jonesta01,763000.0,28.0,2.0,R,R,1B,Houston Astros,131,14,29,3,19,5,36,0,49,-0.16
2022.0,Taylor Walls,wallsta01,763000.0,25.0,1.0,B,R,SS,Tampa Bay Rays,642,68,102,9,48,75,169,0,161,4.0
2022.0,Taylor Ward,wardta01,763000.0,28.0,4.0,R,R,OF,Los Angeles Angels,1098,140,249,38,120,103,271,0,420,3.16
2022.0,Teoscar Hernández,hernate01,11608500.0,29.0,6.0,R,R,OF,Toronto Blue Jays,2531,352,607,133,380,187,743,3,1158,10.67
2022.0,Thairo Estrada,estrath01,763000.0,26.0,3.0,R,R,2B,San Francisco Giants,794,110,184,25,99,46,146,1,292,2.49
2022.0,Tim Anderson,anderti01,10355000.0,29.0,6.0,R,R,SS,Chicago White Sox,3284,476,900,97,313,117,761,4,1384,18.17
2022.0,Tom Murphy,murphto04,1716750.0,31.0,7.0,R,R,C,Seattle Mariners,858,95,180,40,109,80,281,3,337,4.01
2022.0,Tommy Edman,edmanto01,763000.0,27.0,3.0,B,R,2B,St. Louis Cardinals,1897,274,471,40,175,116,315,3,717,14.96
2022.0,Tommy La Stella,lasteto01,5722500.0,33.0,8.0,L,R,2B,San Francisco Giants,1933,207,458,40,204,172,215,6,685,3.66
2022.0,Tommy Pham,phamth01,6540000.0,34.0,8.0,R,R,OF,Cincinnati Reds,3420,504,767,114,363,407,816,11,1281,16.4
2022.0,Tomás Nido,nidoto01,970100.0,28.0,5.0,R,R,C,New York Mets,744,70,152,13,73,32,192,3,223,-0.5
2022.0,Tony Kemp,kempto01,2452500.0,30.0,6.0,L,R,OF,Oakland Athletics,1818,219,385,30,157,182,257,2,573,4.5
2022.0,Travis Jankowski,jankotr01,1362500.0,31.0,7.0,L,R,OF,New York Mets,1215,159,252,9,54,126,275,4,332,2.47
2022.0,Travis Shaw,shawtr01,1635000.0,32.0,7.0,L,R,3B,Boston Red Sox,2690,310,563,114,366,275,650,20,1038,8.4
2022.0,Travis dArnaud,darnatr01,8720000.0,33.0,9.0,R,R,C,Atlanta Braves,2699,303,620,97,351,194,526,9,1051,7.26
2022.0,Trea Turner,turnetr01,22890000.0,29.0,7.0,R,R,SS,Los Angeles Dodgers,3737,586,1033,124,434,268,673,8,1668,29.59
2022.0,Trent Grisham,grishtr01,763000.0,25.0,3.0,L,L,OF,San Diego Padres,1486,185,285,48,165,162,381,3,507,8.96
2022.0,Trevor Story,storytr01,21800000.0,29.0,6.0,R,R,SS,Boston Red Sox,3532,516,853,174,516,298,987,16,1631,29.32
2022.0,Trey Mancini,mancitr01,8175000.0,30.0,6.0,R,R,OF,Baltimore Orioles,3119,376,746,125,372,244,717,11,1287,9.6
2022.0,Tucker Barnhart,barnhtu01,8447500.0,31.0,8.0,L,R,C,Detroit Tigers,2869,235,623,52,277,271,576,35,916,7.1000000000000005
2022.0,Ty France,francty01,763000.0,27.0,3.0,R,R,1B,Seattle Mariners,1619,189,403,49,203,101,286,4,634,8.07
2022.0,Tyler Naquin,naquity01,4387250.0,31.0,6.0,L,R,OF,Cincinnati Reds,1811,226,439,61,237,117,468,10,743,3.38
2022.0,Tyler ONeill,oneilty01,3815000.0,27.0,4.0,R,R,OF,St. Louis Cardinals,1370,212,308,69,196,108,424,0,574,9.71
2022.0,Tyler Stephenson,stephty01,763000.0,25.0,2.0,R,R,C,Cincinnati Reds,605,84,158,18,86,55,131,1,242,3.79
2022.0,Tyler Wade,wadety01,899250.0,27.0,5.0,L,R,2B,Los Angeles Angels,654,103,124,7,41,58,162,1,173,-0.3299999999999999
2022.0,Tyrone Taylor,tayloty01,763000.0,28.0,3.0,R,R,OF,Milwaukee Brewers,729,89,160,31,101,45,170,1,301,4.04
2022.0,Victor Caratini,caratvi01,2180000.0,28.0,5.0,B,R,C,Milwaukee Brewers,1347,127,275,31,146,123,294,11,417,1.64
2022.0,Victor Reyes,reyesvi01,1526000.0,27.0,4.0,B,R,OF,Detroit Tigers,1280,147,321,16,107,49,287,0,460,0.99
2022.0,Victor Robles,roblevi01,1798500.0,25.0,5.0,R,R,OF,Washington Nationals,1675,195,345,31,146,98,400,6,531,6.41
2022.0,Vladimir Guerrero Jr,guerrvl02,8611000.0,23.0,3.0,R,R,1B,Toronto Blue Jays,2161,299,547,104,310,210,355,14,972,13.26
2022.0,Wander Franco,francwa01,1090000.0,21.0,1.0,B,R,SS,Tampa Bay Rays,652,99,168,13,72,50,70,1,261,6.029999999999999
2022.0,Whit Merrifield,merriwh01,7630000.0,33.0,6.0,R,R,2B,Kansas City Royals,3939,522,1035,79,403,244,621,9,1544,17.29
2022.0,Wil Myers,myerswi01,21800000.0,31.0,9.0,R,R,OF,San Diego Padres,4149,522,941,153,521,406,1121,17,1636,13.56
2022.0,Will Smith,smithwi05,763000.0,27.0,3.0,R,R,C,Los Angeles Dodgers,1412,192,315,72,230,152,271,10,604,10.52
2022.0,William Contreras,contrwi02,763000.0,24.0,2.0,R,R,C,Atlanta Braves,571,70,132,28,69,58,162,2,239,2.89
2022.0,Willie Calhoun,calhowi01,1417000.0,27.0,5.0,L,R,OF,Texas Rangers,936,98,205,32,104,66,143,0,345,-1.7399999999999998
2022.0,Willson Contreras,contrwi01,8175000.0,30.0,6.0,R,R,C,Chicago Cubs,2859,353,636,117,365,279,686,8,1140,20.86
2022.0,Willy Adames,adamewi01,5014000.0,26.0,4.0,R,R,SS,Milwaukee Brewers,2284,301,527,94,280,203,644,8,925,15.56
2022.0,Wilmer Flores,florewi01,3815000.0,30.0,9.0,R,R,2B,San Francisco Giants,3547,404,847,126,446,233,487,8,1404,7.07
2022.0,Xander Bogaerts,bogaexa01,21800000.0,29.0,9.0,R,R,SS,Boston Red Sox,5389,752,1410,156,683,461,987,20,2216,35.16
2022.0,Yadiel Hernández,hernaya01,763000.0,34.0,2.0,L,R,OF,Washington Nationals,644,66,159,19,79,42,145,1,245,0.42
2022.0,Yadier Molina,molinya01,10900000.0,39.0,18.0,R,R,C,St. Louis Cardinals,8554,777,2168,176,1022,542,922,50,3118,42.26
2022.0,Yan Gomes,gomesya01,6540000.0,34.0,10.0,R,R,C,Chicago Cubs,3567,392,807,125,447,193,841,15,1368,17.64
2022.0,Yandy Díaz,diazya01,3052000.0,30.0,5.0,R,R,3B,Tampa Bay Rays,1883,242,451,39,198,237,277,9,667,7.94
2022.0,Yasmani Grandal,grandya01,19892500.0,33.0,10.0,B,R,C,Chicago White Sox,4237,476,843,177,532,619,992,10,1547,20.26
2022.0,Yermín Mercedes,merceye01,763000.0,29.0,2.0,R,R,OF,San Francisco Giants,346,35,82,8,45,29,63,1,122,0.28
2022.0,Yonathan Daza,dazayo01,763000.0,28.0,3.0,R,R,OF,Colorado Rockies,844,89,217,4,67,54,139,0,273,0.7
2022.0,Yordan Alvarez,alvaryo01,833414.0,25.0,3.0,L,R,OF,Houston Astros,1537,247,393,98,283,180,346,16,783,13.61
2022.0,Yoshi Tsutsugo,tsutsyo01,4360000.0,30.0,2.0,L,R,1B,Pittsburgh Pirates,640,65,110,18,75,74,172,1,189,-2.03
2022.0,Yoán Moncada,moncayo01,14170000.0,27.0,6.0,B,R,3B,Chicago White Sox,2740,333,613,82,299,281,800,6,1029,13.37
2022.0,Yu Chang,changyu01,763000.0,26.0,3.0,R,R,1B,Cleveland Guardians,538,60,104,14,61,40,154,0,176,0.4599999999999999
2022.0,Yuli Gurriel,gourryu01,8720000.0,38.0,6.0,R,R,1B,Houston Astros,3305,400,866,94,435,188,370,5,1364,13.42
2022.0,Zack Collins,colliza01,763000.0,27.0,3.0,L,R,C,Toronto Blue Jays,459,45,73,11,49,59,154,2,129,-1.2799999999999998
2022.0,Óscar Mercado,mercaos01,763000.0,27.0,3.0,R,R,OF,Cleveland Guardians,941,120,202,26,95,59,182,0,333,2.73
